{"actions":[],"apps":[{"acl":{"app":[],"field":[],"record":[]},"app":null,"category":{"categories":[],"useCategory":"false"},"form":{"layout":"[{\"id\":null,\"type\":\"ROW\",\"isSubTable\":false,\"var\":null,\"controlList\":[{\"isVirtical\":true,\"styleMap\":{\"width\":246},\"type\":\"SINGLE_LINE_TEXT\",\"var\":\"商品名\",\"label\":\"商品名\"},{\"isVirtical\":true,\"styleMap\":{\"width\":144},\"type\":\"DECIMAL\",\"var\":\"単価\",\"label\":\"単価\"},{\"isVirtical\":true,\"styleMap\":{\"width\":92},\"type\":\"DECIMAL\",\"var\":\"売上数量\",\"label\":\"売上数量\"}]},{\"id\":null,\"type\":\"ROW\",\"isSubTable\":false,\"var\":null,\"controlList\":[{\"isVirtical\":true,\"styleMap\":{\"width\":319},\"type\":\"SINGLE_CHECK\",\"var\":\"在庫連携\",\"label\":\"在庫連携\",\"align\":\"horizontal\"}]}]","revision":null},"iconMeta":null,"info":{"code":null,"decimalPrecision":"16","decimalScale":"4","description":"\u003Cdiv\u003E\u003Cbr /\u003E\u003C/div\u003E","enableBulkDeletion":"false","fiscalYearStartMonth":"4","iconKey":"APP39","iconType":"PRESET","jsFiles":null,"jsScope":"ALL","name":"売上管理","roundingMode":"HALF_EVEN","theme":"PLAIN","titleComponentLocalId":null,"useComment":"true","useHistory":"true","useThumbnail":"true"},"jsFiles":[],"notification":{"appNotifications":[{"events":["RECORD_COMMENT_ADDED"],"target":{"entityId":"5327217","entityType":"FIELD_ENTITY","includeSubs":"false"}},{"events":["RECORD_COMMENT_ADDED"],"target":{"entityId":"5327218","entityType":"FIELD_ENTITY","includeSubs":"false"}}],"recordNotifications":[],"reminderTimezone":null,"reminders":[],"useComment":"true","useReminder":"false"},"plugin":{"pluginIds":[]},"reports":[],"resource":{"tables":[{"rows":[{"fields":[],"objectId":"0","subObjectId":"-1"}],"type":"AppName"},{"rows":[{"fields":[],"objectId":"0","subObjectId":"-1"}],"type":"AppDescription"},{"rows":[{"fields":[],"objectId":"5327216","subObjectId":"-1"},{"fields":[],"objectId":"5327217","subObjectId":"-1"},{"fields":[],"objectId":"5327218","subObjectId":"-1"},{"fields":[],"objectId":"5327219","subObjectId":"-1"},{"fields":[],"objectId":"5327220","subObjectId":"-1"},{"fields":[],"objectId":"5327221","subObjectId":"-1"},{"fields":[],"objectId":"5327222","subObjectId":"-1"},{"fields":[],"objectId":"5327223","subObjectId":"-1"},{"fields":[],"objectId":"5327225","subObjectId":"-1"},{"fields":[],"objectId":"5327226","subObjectId":"-1"},{"fields":[],"objectId":"5327247","subObjectId":"-1"},{"fields":[],"objectId":"5327247","subObjectId":"5327244"},{"fields":[],"objectId":"5327247","subObjectId":"5327245"},{"fields":[],"objectId":"5327247","subObjectId":"5327246"},{"fields":[],"objectId":"5327276","subObjectId":"-1"}],"type":"FieldLabel"},{"rows":[{"fields":[],"objectId":"20","subObjectId":"-1"}],"type":"ViewName"}]},"schema":{"groups":[],"revision":null,"subTable":{},"table":{"fieldList":{"5327216":{"id":"5327216","label":"レコード番号","properties":{"noLabel":"false","required":"true"},"type":"RECORD_ID","var":"レコード番号"},"5327217":{"id":"5327217","label":"更新者","properties":{"noLabel":"false","required":"true"},"type":"MODIFIER","var":"更新者"},"5327218":{"id":"5327218","label":"作成者","properties":{"noLabel":"false","required":"true"},"type":"CREATOR","var":"作成者"},"5327219":{"id":"5327219","label":"更新日時","properties":{"noLabel":"false","required":"true"},"type":"MODIFIED_AT","var":"更新日時"},"5327220":{"id":"5327220","label":"作成日時","properties":{"noLabel":"false","required":"true"},"type":"CREATED_AT","var":"作成日時"},"5327221":{"id":"5327221","label":"ステータス","properties":{"noLabel":"false","required":"false"},"type":"STATUS","var":"ステータス"},"5327222":{"id":"5327222","label":"作業者","properties":{"noLabel":"false","required":"false"},"type":"STATUS_ASSIGNEE","var":"作業者"},"5327223":{"id":"5327223","label":"カテゴリー","properties":{"noLabel":"false","required":"false"},"type":"CATEGORY","var":"カテゴリー"},"5327225":{"id":"5327225","label":"単価","properties":{"defaultValue":null,"digit":"false","displayScale":null,"max":null,"min":null,"noLabel":"false","required":"false","roundingMode":null,"scale":null,"unique":"false","unit":"円","unitPosition":"AFTER"},"type":"DECIMAL","var":"単価"},"5327226":{"id":"5327226","label":"売上数量","properties":{"defaultValue":null,"digit":"false","displayScale":null,"max":null,"min":null,"noLabel":"false","required":"false","roundingMode":null,"scale":null,"unique":"false","unit":"","unitPosition":"BEFORE"},"type":"DECIMAL","var":"売上数量"},"5327247":{"id":"5327247","label":"在庫連携","properties":{"defaultValue":"5327244","noLabel":"false","options":[{"id":"5327244","label":"未処理","valid":true},{"id":"5327245","label":"連携済","valid":true},{"id":"5327246","label":"エラー","valid":true}],"required":"true"},"type":"SINGLE_CHECK","var":"在庫連携"},"5327276":{"id":"5327276","label":"商品名","properties":{"defaultValue":"","expression":"","hideExpression":"false","max":null,"min":null,"noLabel":"false","required":"false","unique":"false"},"type":"SINGLE_LINE_TEXT","var":"商品名"}},"id":"1","label":"__ROOT__","var":"__ROOT__"}},"status":{"actions":[],"filters":[],"initialStateId":null,"states":[],"useStatus":"false"},"uuid":"5782b405-808a-4df7-a6ab-2457b63ffc94","views":[{"advancedMode":null,"builtinType":"ALL","fields":[{"row":[{"id":"5327216"},{"id":"5327225"},{"id":"5327226"},{"id":"5327247"},{"id":"5327276"}]}],"filter":{"category":null,"offset":null,"order":[],"q":null,"size":null,"sort":[]},"html":null,"keyFieldId":null,"name":"（すべて）","pager":null,"revision":null,"titleFieldId":null,"view":"20","viewType":"LIST"}]},{"acl":{"app":[],"field":[],"record":[]},"app":null,"category":{"categories":[],"useCategory":"false"},"form":{"layout":"[{\"id\":null,\"type\":\"ROW\",\"isSubTable\":false,\"var\":null,\"controlList\":[{\"isVirtical\":true,\"styleMap\":{\"width\":193},\"type\":\"SINGLE_LINE_TEXT\",\"var\":\"商品名\",\"label\":\"商品名\"},{\"isVirtical\":true,\"styleMap\":{\"width\":131},\"type\":\"DECIMAL\",\"var\":\"単価\",\"label\":\"単価\"}]}]","revision":null},"iconMeta":null,"info":{"code":null,"decimalPrecision":"16","decimalScale":"4","description":"\u003Cdiv\u003E\u003Cbr /\u003E\u003C/div\u003E","enableBulkDeletion":"false","fiscalYearStartMonth":"4","iconKey":"APP39","iconType":"PRESET","jsFiles":null,"jsScope":"ALL","name":"商品マスタ","roundingMode":"HALF_EVEN","theme":"PLAIN","titleComponentLocalId":null,"useComment":"true","useHistory":"true","useThumbnail":"true"},"jsFiles":[],"notification":{"appNotifications":[{"events":["RECORD_COMMENT_ADDED"],"target":{"entityId":"5327205","entityType":"FIELD_ENTITY","includeSubs":"false"}},{"events":["RECORD_COMMENT_ADDED"],"target":{"entityId":"5327206","entityType":"FIELD_ENTITY","includeSubs":"false"}}],"recordNotifications":[],"reminderTimezone":null,"reminders":[],"useComment":"true","useReminder":"false"},"plugin":{"pluginIds":[]},"reports":[],"resource":{"tables":[{"rows":[{"fields":[],"objectId":"0","subObjectId":"-1"}],"type":"AppName"},{"rows":[{"fields":[],"objectId":"0","subObjectId":"-1"}],"type":"AppDescription"},{"rows":[{"fields":[],"objectId":"5327204","subObjectId":"-1"},{"fields":[],"objectId":"5327205","subObjectId":"-1"},{"fields":[],"objectId":"5327206","subObjectId":"-1"},{"fields":[],"objectId":"5327207","subObjectId":"-1"},{"fields":[],"objectId":"5327208","subObjectId":"-1"},{"fields":[],"objectId":"5327209","subObjectId":"-1"},{"fields":[],"objectId":"5327210","subObjectId":"-1"},{"fields":[],"objectId":"5327211","subObjectId":"-1"},{"fields":[],"objectId":"5327212","subObjectId":"-1"},{"fields":[],"objectId":"5327213","subObjectId":"-1"}],"type":"FieldLabel"},{"rows":[{"fields":[],"objectId":"20","subObjectId":"-1"}],"type":"ViewName"}]},"schema":{"groups":[],"revision":null,"subTable":{},"table":{"fieldList":{"5327204":{"id":"5327204","label":"レコード番号","properties":{"noLabel":"false","required":"true"},"type":"RECORD_ID","var":"レコード番号"},"5327205":{"id":"5327205","label":"更新者","properties":{"noLabel":"false","required":"true"},"type":"MODIFIER","var":"更新者"},"5327206":{"id":"5327206","label":"作成者","properties":{"noLabel":"false","required":"true"},"type":"CREATOR","var":"作成者"},"5327207":{"id":"5327207","label":"更新日時","properties":{"noLabel":"false","required":"true"},"type":"MODIFIED_AT","var":"更新日時"},"5327208":{"id":"5327208","label":"作成日時","properties":{"noLabel":"false","required":"true"},"type":"CREATED_AT","var":"作成日時"},"5327209":{"id":"5327209","label":"ステータス","properties":{"noLabel":"false","required":"false"},"type":"STATUS","var":"ステータス"},"5327210":{"id":"5327210","label":"作業者","properties":{"noLabel":"false","required":"false"},"type":"STATUS_ASSIGNEE","var":"作業者"},"5327211":{"id":"5327211","label":"カテゴリー","properties":{"noLabel":"false","required":"false"},"type":"CATEGORY","var":"カテゴリー"},"5327212":{"id":"5327212","label":"商品名","properties":{"defaultValue":"","expression":"","hideExpression":"false","max":null,"min":null,"noLabel":"false","required":"false","unique":"false"},"type":"SINGLE_LINE_TEXT","var":"商品名"},"5327213":{"id":"5327213","label":"単価","properties":{"defaultValue":null,"digit":"false","displayScale":null,"max":null,"min":null,"noLabel":"false","required":"false","roundingMode":null,"scale":null,"unique":"false","unit":"円","unitPosition":"AFTER"},"type":"DECIMAL","var":"単価"}},"id":"1","label":"__ROOT__","var":"__ROOT__"}},"status":{"actions":[],"filters":[],"initialStateId":null,"states":[],"useStatus":"false"},"uuid":"b630cfc9-2106-4aac-88fc-990eb6f17d08","views":[{"advancedMode":null,"builtinType":"ALL","fields":[{"row":[{"id":"5327204"},{"id":"5327212"},{"id":"5327213"}]}],"filter":{"category":null,"offset":null,"order":[],"q":null,"size":null,"sort":[]},"html":null,"keyFieldId":null,"name":"（すべて）","pager":null,"revision":null,"titleFieldId":null,"view":"20","viewType":"LIST"}]},{"acl":{"app":[],"field":[],"record":[]},"app":null,"category":{"categories":[],"useCategory":"false"},"form":{"layout":"[{\"id\":null,\"type\":\"ROW\",\"isSubTable\":false,\"var\":null,\"controlList\":[{\"isVirtical\":true,\"styleMap\":{\"width\":281},\"type\":\"SINGLE_LINE_TEXT\",\"var\":\"商品名\",\"label\":\"商品名\"},{\"isVirtical\":true,\"styleMap\":{\"width\":108},\"type\":\"DECIMAL\",\"var\":\"単価\",\"label\":\"単価\"}]},{\"id\":null,\"type\":\"ROW\",\"isSubTable\":false,\"var\":null,\"controlList\":[{\"isVirtical\":true,\"styleMap\":{\"width\":109},\"type\":\"DECIMAL\",\"var\":\"在庫\",\"label\":\"在庫\"},{\"isVirtical\":true,\"styleMap\":{\"width\":156},\"type\":\"CALC\",\"var\":\"計算\",\"label\":\"評価額\"}]}]","revision":null},"iconMeta":null,"info":{"code":null,"decimalPrecision":"16","decimalScale":"4","description":"\u003Cdiv\u003E\u003Cbr /\u003E\u003C/div\u003E","enableBulkDeletion":"false","fiscalYearStartMonth":"4","iconKey":"APP39","iconType":"PRESET","jsFiles":null,"jsScope":"ALL","name":"在庫管理","roundingMode":"HALF_EVEN","theme":"PLAIN","titleComponentLocalId":null,"useComment":"true","useHistory":"true","useThumbnail":"true"},"jsFiles":[],"notification":{"appNotifications":[{"events":["RECORD_COMMENT_ADDED"],"target":{"entityId":"5327231","entityType":"FIELD_ENTITY","includeSubs":"false"}},{"events":["RECORD_COMMENT_ADDED"],"target":{"entityId":"5327232","entityType":"FIELD_ENTITY","includeSubs":"false"}}],"recordNotifications":[],"reminderTimezone":null,"reminders":[],"useComment":"true","useReminder":"false"},"plugin":{"pluginIds":[]},"reports":[],"resource":{"tables":[{"rows":[{"fields":[],"objectId":"0","subObjectId":"-1"}],"type":"AppName"},{"rows":[{"fields":[],"objectId":"0","subObjectId":"-1"}],"type":"AppDescription"},{"rows":[{"fields":[],"objectId":"5327230","subObjectId":"-1"},{"fields":[],"objectId":"5327231","subObjectId":"-1"},{"fields":[],"objectId":"5327232","subObjectId":"-1"},{"fields":[],"objectId":"5327233","subObjectId":"-1"},{"fields":[],"objectId":"5327234","subObjectId":"-1"},{"fields":[],"objectId":"5327235","subObjectId":"-1"},{"fields":[],"objectId":"5327236","subObjectId":"-1"},{"fields":[],"objectId":"5327237","subObjectId":"-1"},{"fields":[],"objectId":"5327238","subObjectId":"-1"},{"fields":[],"objectId":"5327239","subObjectId":"-1"},{"fields":[],"objectId":"5327240","subObjectId":"-1"},{"fields":[],"objectId":"5327241","subObjectId":"-1"}],"type":"FieldLabel"},{"rows":[{"fields":[],"objectId":"20","subObjectId":"-1"}],"type":"ViewName"}]},"schema":{"groups":[],"revision":null,"subTable":{},"table":{"fieldList":{"5327230":{"id":"5327230","label":"レコード番号","properties":{"noLabel":"false","required":"true"},"type":"RECORD_ID","var":"レコード番号"},"5327231":{"id":"5327231","label":"更新者","properties":{"noLabel":"false","required":"true"},"type":"MODIFIER","var":"更新者"},"5327232":{"id":"5327232","label":"作成者","properties":{"noLabel":"false","required":"true"},"type":"CREATOR","var":"作成者"},"5327233":{"id":"5327233","label":"更新日時","properties":{"noLabel":"false","required":"true"},"type":"MODIFIED_AT","var":"更新日時"},"5327234":{"id":"5327234","label":"作成日時","properties":{"noLabel":"false","required":"true"},"type":"CREATED_AT","var":"作成日時"},"5327235":{"id":"5327235","label":"ステータス","properties":{"noLabel":"false","required":"false"},"type":"STATUS","var":"ステータス"},"5327236":{"id":"5327236","label":"作業者","properties":{"noLabel":"false","required":"false"},"type":"STATUS_ASSIGNEE","var":"作業者"},"5327237":{"id":"5327237","label":"カテゴリー","properties":{"noLabel":"false","required":"false"},"type":"CATEGORY","var":"カテゴリー"},"5327238":{"id":"5327238","label":"商品名","properties":{"defaultValue":"","expression":"","hideExpression":"false","max":null,"min":null,"noLabel":"false","required":"false","unique":"false"},"type":"SINGLE_LINE_TEXT","var":"商品名"},"5327239":{"id":"5327239","label":"単価","properties":{"defaultValue":null,"digit":"false","displayScale":null,"max":null,"min":null,"noLabel":"false","required":"false","roundingMode":null,"scale":null,"unique":"false","unit":"円","unitPosition":"AFTER"},"type":"DECIMAL","var":"単価"},"5327240":{"id":"5327240","label":"在庫","properties":{"defaultValue":null,"digit":"false","displayScale":null,"max":null,"min":null,"noLabel":"false","required":"false","roundingMode":null,"scale":null,"unique":"false","unit":"","unitPosition":"BEFORE"},"type":"DECIMAL","var":"在庫"},"5327241":{"id":"5327241","label":"評価額","properties":{"displayScale":null,"expression":"単価 * 在庫","format":"NUMBER","hideExpression":"false","noLabel":"false","required":"false","roundingMode":null,"scale":null,"unit":"","unitPosition":"BEFORE"},"type":"CALC","var":"計算"}},"id":"1","label":"__ROOT__","var":"__ROOT__"}},"status":{"actions":[],"filters":[],"initialStateId":null,"states":[],"useStatus":"false"},"uuid":"6747e07c-1cbf-4c9e-8c2e-77ae98c49092","views":[{"advancedMode":null,"builtinType":"ALL","fields":[{"row":[{"id":"5327230"},{"id":"5327238"},{"id":"5327239"},{"id":"5327240"},{"id":"5327241"}]}],"filter":{"category":null,"offset":null,"order":[],"q":null,"size":null,"sort":[]},"html":null,"keyFieldId":null,"name":"（すべて）","pager":null,"revision":null,"titleFieldId":null,"view":"20","viewType":"LIST"}]}],"description":"","iconKey":"APP39","iconMeta":null,"iconSrcAppId":"5782b405-808a-4df7-a6ab-2457b63ffc94","iconType":"PRESET","imagesMeta":[],"lookups":[{"actingAppId":"6747e07c-1cbf-4c9e-8c2e-77ae98c49092","fieldMappings":[{"fieldId":"5327239","targetFieldId":"5327213"}],"keyMapping":{"fieldId":"5327238","targetFieldId":"5327212"},"listFields":[],"query":{"category":null,"offset":null,"order":["desc"],"q":"order by f5327204 desc","size":null,"sort":["f5327204"]},"targetAppId":"b630cfc9-2106-4aac-88fc-990eb6f17d08"},{"actingAppId":"5782b405-808a-4df7-a6ab-2457b63ffc94","fieldMappings":[{"fieldId":"5327225","targetFieldId":"5327213"}],"keyMapping":{"fieldId":"5327276","targetFieldId":"5327212"},"listFields":[],"query":{"category":null,"offset":null,"order":["desc"],"q":"order by f5327204 desc","size":null,"sort":["f5327204"]},"targetAppId":"b630cfc9-2106-4aac-88fc-990eb6f17d08"}],"name":"kintone.Promise超入門","references":[],"version":"16"}